ID del juego,Repeticiones
461640,1
730,1
578080,1
570,1
42690,1
235600,1
364470,1
386360,1
444200,1
601510,1
386180,1
813820,1
10,1
714010,1
1556200,1
550,1
207610,1
239030,1
251570,1
271590,1
381210,1
427820,1
431730,1
431960,1
434170,1
493490,1
524660,1
535930,1
540840,1
493340,1
594330,1
610180,1
613100,1
621060,1
665300,1
414340,1
704850,1
714120,1
739630,1
770810,1
774461,1
750920,1
863550,1
532210,1
880940,1
728880,1
883710,1
936790,1
945360,1
673950,1
960910,1
960990,1
703080,1
1097150,1
1118240,1
1135690,1
1160920,1
1172470,1
1190970,1
1194630,1
1196590,1
1174180,1
1218280,1
1222140,1
1222670,1
442070,1
1281590,1
1332010,1
860510,1
1421250,1
1563180,1
1567020,1
1585220,1
1593500,1
1609080,1
1629520,1
1651560,1
1659040,1
990080,1
2200780,1
2249160,1
2357570,1
2667970,1
2670630,1
130,1
1200,1
3810,1
3970,1
2620,1
2630,1
2640,1
1520,1
6220,1
2990,1
7600,1
4520,1
2590,1
12160,1
12140,1
15270,1
12360,1
3050,1
10090,1
17470,1
15620,1
21780,1
16720,1
32670,1
21980,1
6060,1
32350,1
15190,1
19800,1
35300,1
8600,1
8690,1
4560,1
228200,1
24800,1
24840,1
32420,1
1500,1
500,1
3230,1
22310,1
12480,1
3730,1
3130,1
24960,1
32470,1
42960,1
39670,1
9010,1
47780,1
73010,1
73170,1
21090,1
21110,1
39530,1
42890,1
46540,1
95900,1
55150,1
35320,1
63940,1
70640,1
200020,1
203990,1
64000,1
202310,1
102600,1
200630,1
206690,1
204140,1
108710,1
204860,1
207150,1
46290,1
6870,1
6880,1
209100,1
98300,1
205350,1
211780,1
7770,1
11420,1
11480,1
25800,1
113200,1
214150,1
80,1
100,1
240,1
215670,1
72000,1
200510,1
218510,1
7830,1
217790,1
65740,1
8100,1
214590,1
33620,1
224900,1
55230,1
225140,1
44690,1
46260,1
12110,1
201790,1
208520,1
204080,1
102700,1
113400,1
200210,1
208090,1
212070,1
234310,1
238960,1
223710,1
224260,1
21690,1
221040,1
1250,1
234940,1
65930,1
231430,1
238210,1
10680,1
222480,1
231740,1
224420,1
9480,1
10460,1
251630,1
252170,1
253610,1
253880,1
253920,1
246090,1
256190,1
15320,1
257750,1
232010,1
20530,1
20550,1
260650,1
244090,1
238430,1
212010,1
214910,1
264730,1
34820,1
2210,1
273110,1
208670,1
244450,1
275510,1
275530,1
277430,1
280380,1
281260,1
281370,1
281410,1
283290,1
283370,1
283410,1
227100,1
247910,1
284160,1
286040,1
287020,1
36700,1
227560,1
287340,1
289300,1
289340,1
289580,1
292410,1
294190,1
289890,1
299050,1
299260,1
302080,1
304930,1
305260,1
311120,1
311140,1
311400,1
311870,1
312990,1
55100,1
315550,1
317360,1
319150,1
320340,1
8170,1
320840,1
287450,1
323190,1
324570,1
327010,1
261640,1
223650,1
330070,1
335320,1
230290,1
314420,1
343440,1
12120,1
346670,1
307780,1
348510,1
287290,1
310890,1
356500,1
232090,1
360940,1
361280,1
376750,1
382420,1
390670,1
371520,1
365810,1
305980,1
385600,1
408110,1
236110,1
411330,1
428430,1
268500,1
9850,1
411310,1
442810,1
448370,1
297450,1
455910,1
223100,1
390340,1
49540,1
511140,1
514080,1
514140,1
514150,1
489520,1
211400,1
550650,1
550900,1
552990,1
558260,1
563560,1
671440,1
694500,1
737870,1
741670,1
744900,1
40990,1
790710,1
809140,1
433850,1
837590,1
837600,1
656510,1
864450,1
893680,1
915490,1
920490,1
925570,1
936780,1
968550,1
717690,1
1058650,1
694280,1
1103800,1
1146300,1
1202130,1
1227530,1
1262600,1
1287000,1
1328660,1
1366540,1
1377920,1
1473250,1
1473480,1
1525700,1
616560,1
1140630,1
424840,1
1673630,1
1694600,1
1696400,1
1794680,1
1894430,1
1577120,1
2475420,1
2653790,1
440,1
20900,1
22370,1
230410,1
221100,1
270550,1
222880,1
299740,1
200110,1
333930,1
335330,1
346900,1
235540,1
363970,1
374320,1
377160,1
383080,1
311210,1
299360,1
367500,1
437220,1
440900,1
444090,1
379720,1
223850,1
319630,1
527230,1
403640,1
544920,1
552500,1
558100,1
524220,1
572520,1
646570,1
677620,1
611500,1
720560,1
469600,1
760160,1
770720,1
782330,1
809960,1
360620,1
884660,1
1059980,1
1094710,1
374280,1
1217060,1
1245620,1
1273710,1
1286830,1
1416260,1
843380,1
582660,1
1557990,1
1587130,1
823130,1
1240440,1
1745510,1
1782210,1
1599340,1
1966720,1
2067920,1
2073850,1
2088570,1
2075730,1
668580,1
2187290,1
1938090,1
2218750,1
2334730,1
2321470,1
1627720,1
1716740,1
1086940,1
212500,1
237310,1
1623730,1
282660,1
530620,1
218620,1
732730,1
504370,1
755790,1
1961460,1
1721470,1
4000,1
12210,1
8190,1
70000,1
620,1
92100,1
104900,1
214340,1
223470,1
226320,1
252950,1
270450,1
291010,1
293860,1
263060,1
296470,1
323850,1
331470,1
318100,1
339610,1
334040,1
349700,1
365300,1
348670,1
378370,1
291550,1
306040,1
314020,1
355150,1
391260,1
341310,1
396160,1
399790,1
407230,1
429700,1
424280,1
440760,1
259080,1
335240,1
678950,1
1201240,1
1209040,1
1623660,1
1644490,1
4500,1
20510,1
41700,1
105600,1
227300,1
236390,1
242760,1
107410,1
262060,1
108600,1
274190,1
287390,1
294100,1
305620,1
252490,1
700580,1
346110,1
407530,1
322330,1
341940,1
393380,1
225540,1
391220,1
275850,1
457140,1
470220,1
327030,1
489830,1
493520,1
495420,1
500260,1
513710,1
518790,1
289070,1
312660,1
526870,1
548430,1
447040,1
438740,1
594650,1
602960,1
657200,1
671860,1
674940,1
699920,1
700330,1
629520,1
466240,1
813780,1
304390,1
881100,1
892970,1
412020,1
1449560,1
958260,1
976890,1
581320,1
1044200,1
1081510,1
1091500,1
1092790,1
1100990,1
1118200,1
1144200,1
1085660,1
1167630,1
1172620,1
1180380,1
359550,1
1131720,1
1238840,1
952060,1
952070,1
1262350,1
203160,1
1274570,1
1293230,1
1151340,1
1361210,1
1418630,1
1435790,1
1455840,1
1477830,1
824270,1
43110,1
1593310,1
534380,1
1797880,1
1850740,1
1519310,1
70,1
400,1
33910,1
33930,1
219540,1
70600,1
24240,1
217200,1
17080,1
51100,1
248570,1
265630,1
224580,1
244210,1
206420,1
268850,1
228380,1
272860,1
298240,1
301520,1
306020,1
291480,1
227940,1
255710,1
373330,1
380840,1
389730,1
208650,1
310950,1
431240,1
444640,1
460930,1
479130,1
582500,1
584210,1
506540,1
641990,1
648800,1
378860,1
677160,1
690790,1
791930,1
815370,1
552520,1
865360,1
868270,1
646910,1
960090,1
976310,1
1046930,1
1106850,1
285900,1
1128810,1
1172380,1
1276390,1
1241100,1
1302240,1
1326470,1
1341290,1
1408610,1
1496790,1
1517290,1
1551360,1
674020,1
916440,1
2369390,1
1203220,1
109600,1
319910,1
332070,1
365670,1
292030,1
397900,1
413150,1
442080,1
24200,1
706220,1
1025580,1
1056600,1
1195460,1
1254120,1
1301720,1
1346070,1
408900,1
1361000,1
1404210,1
1453490,1
1590320,1
625340,1
1928420,1
1977530,1
1987080,1
72850,1
11020,1
295110,1
304050,1
438040,1
489940,1
454650,1
814380,1
1070330,1
1173370,1
933110,1
19900,1
45740,1
57300,1
22380,1
42700,1
42710,1
219150,1
208480,1
220240,1
202970,1
202990,1
212910,1
253710,1
242860,1
252330,1
265210,1
270880,1
224480,1
274170,1
274520,1
280160,1
254700,1
301640,1
9900,1
313120,1
307690,1
238320,1
327890,1
321360,1
274940,1
298110,1
332950,1
349760,1
355840,1
361990,1
362890,1
368360,1
1012880,1
386880,1
401680,1
414700,1
418460,1
429720,1
438100,1
443110,1
446020,1
455120,1
50130,1
1030830,1
516750,1
360430,1
418370,1
544810,1
698780,1
746510,1
765180,1
620590,1
204450,1
913740,1
962400,1
999730,1
761890,1
1164850,1
1289310,1
1291790,1
1304930,1
1407200,1
1238810,1
1674170,1
1679290,1
1944430,1
2124780,1
1840,1
20,1
474960,1
588650,1
617670,1
847370,1
1238820,1
1237970,1
1262540,1
1398210,1
239140,1
1818450,1
220,1
340,1
280,1
360,1
17410,1
115100,1
115110,1
201700,1
40390,1
211500,1
263280,1
265930,1
296770,1
320150,1
321040,1
384300,1
421020,1
48000,1
273350,1
530700,1
555570,1
616700,1
700170,1
734750,1
480430,1
792300,1
1151640,1
310560,1
1237980,1
1222680,1
1262580,1
1293830,1
1531720,1
17390,1
99900,1
319510,1
219740,1
633230,1
747610,1
783770,1
795100,1
872200,1
977400,1
1017180,1
1352080,1
1390350,1
1419170,1
1568590,1
1607250,1
264710,1
1244460,1
1714040,1
2232840,1
2281730,1
6860,1
231060,1
323370,1
380600,1
236870,1
770240,1
1203620,1
242920,1
288160,1
425580,1
512160,1
544730,1
588430,1
848450,1
1044720,1
1085510,1
1097200,1
1509960,1
2080690,1
2296990,1
2551020,1
219640,1
256410,1
253430,1
234670,1
247730,1
22100,1
48700,1
45760,1
255420,1
313040,1
316010,1
241930,1
322170,1
218680,1
369200,1
439700,1
1785120,1
674750,1
1397920,1
1029550,1
226580,1
320300,1
280790,1
518150,1
705210,1
924140,1
893520,1
996470,1
1449850,1
1665460,1
1818750,1
33230,1
223750,1
261550,1
297000,1
302510,1
362300,1
511440,1
611790,1
368070,1
667530,1
582160,1
842180,1
515180,1
1136160,1
1332720,1
1431610,1
1433140,1
1692070,1
1888930,1
466910,1
871720,1
967050,1
1104450,1
1400520,1
17700,1
225840,1
349040,1
619910,1
632730,1
44350,1
242700,1
1943950,1
300,1
8400,1
4760,1
7940,1
320,1
12900,1
13210,1
18400,1
17330,1
17340,1
11280,1
2100,1
2130,1
13520,1
15130,1
26800,1
3590,1
35700,1
15520,1
24860,1
10180,1
10190,1
20540,1
40100,1
20820,1
49900,1
22600,1
62100,1
31280,1
41010,1
40800,1
38720,1
48950,1
29180,1
40700,1
93200,1
31410,1
37000,1
50510,1
9500,1
18700,1
38900,1
49600,1
58400,1
63700,1
80000,1
92800,1
22350,1
12840,1
49470,1
61100,1
26500,1
111800,1
41070,1
207650,1
41500,1
8930,1
223830,1
4920,1
210770,1
233250,1
214560,1
860950,1
207140,1
42910,1
221910,1
261180,1
264140,1
94400,1
281990,1
246620,1
282760,1
238460,1
237930,1
239430,1
312530,1
265890,1
8870,1
409710,1
383870,1
367580,1
391540,1
245170,1
440650,1
205230,1
204300,1
466560,1
397060,1
595280,1
271240,1
493900,1
1271140,1
1124300,1
630,1
17730,1
32430,1
32500,1
348710,1
1063730,1
1364390,1
1582620,1
495140,1
30,1
40,1
60,1
6030,1
10500,1
34030,1
90200,1
72200,1
65780,1
251950,1
261490,1
302670,1
314160,1
361670,1
214950,1
394360,1
909080,1
34330,1
1474700,1
1621560,1
1874880,1
1890860,1
224600,1
33250,1
285330,1
304030,1
681660,1
968970,1
15100,1
17450,1
47730,1
201870,1
263500,1
202090,1
260210,1
277590,1
222900,1
289650,1
311560,1
899770,1
1549250,1
2064650,1
20920,1
8980,1
729040,1
32800,1
49520,1
204360,1
200170,1
209870,1
239220,1
263540,1
368730,1
233840,1
247000,1
40950,1
302830,1
227700,1
273500,1
331360,1
332800,1
333880,1
250900,1
339280,1
373420,1
386940,1
397540,1
534500,1
562810,1
569480,1
212740,1
607200,1
306130,1
667890,1
435150,1
627270,1
844870,1
858820,1
356190,1
939960,1
978520,1
1022450,1
1029780,1
582010,1
1145360,1
1238860,1
1253920,1
1259420,1
1284210,1
1334590,1
1426210,1
1604030,1
1286680,1
67370,1
34870,1
248820,1
286570,1
271570,1
343360,1
400040,1
437920,1
508900,1
533300,1
537180,1
560380,1
562220,1
566160,1
575640,1
591420,1
610360,1
645090,1
654900,1
658560,1
670290,1
723780,1
757330,1
799070,1
204880,1
278360,1
1226470,1
812140,1
1377580,1
1252330,1
1815780,1
2096600,1
282440,1
40960,1
12200,1
32440,1
205100,1
242550,1
287700,1
344760,1
357190,1
460950,1
504230,1
553850,1
544750,1
35140,1
1222700,1
1233570,1
1285670,1
1313860,1
1190460,1
1506830,1
1811260,1
2252570,1
47410,1
262410,1
278970,1
217490,1
232890,1
337950,1
420290,1
16700,1
40970,1
454600,1
635260,1
1375740,1
1088150,1
602770,1
2140020,1
596350,1
593280,1
607260,1
615530,1
666220,1
878750,1
939850,1
1775270,1
1281930,1
312280,1
436150,1
788260,1
895970,1
327690,1
338810,1
625430,1
10700,1
409720,1
58610,1
48720,1
108800,1
4570,1
9450,1
56400,1
251060,1
238370,1
8500,1
577580,1
604540,1
610370,1
632470,1
700600,1
1043260,1
41100,1
1276660,1
1158310,1
719040,1
1434950,1
17550,1
15170,1
47870,1
271290,1
250400,1
209650,1
209660,1
355180,1
495890,1
453480,1
836620,1
461040,1
286160,1
477160,1
632300,1
654610,1
1131190,1
1139890,1
1071870,1
1599660,1
269210,1
2415010,1
10130,1
39510,1
65540,1
220440,1
203290,1
225080,1
286940,1
314280,1
324800,1
329430,1
329050,1
384180,1
456750,1
513650,1
631510,1
215280,1
774861,1
797430,1
834910,1
638970,1
921060,1
957660,1
927380,1
1096530,1
505230,1
1271710,1
1295920,1
1352330,1
1504740,1
1639990,1
1715980,1
2072640,1
6020,1
208580,1
32370,1
244850,1
22330,1
211820,1
307880,1
334230,1
383150,1
434570,1
545110,1
571740,1
638650,1
644560,1
1674470,1
2426960,1
527450,1
359840,1
40980,1
850190,1
962130,1
1418100,1
1677740,1
493540,1
2381590,1
1676840,1
2675290,1
346330,1
993090,1
1280770,1
12100,1
1682050,1
1057240,1
433340,1
979060,1
1408720,1
1545820,1
1868140,1
537800,1
2343650,1
1049800,1
219990,1
400170,1
688430,1
1325200,1
2071280,1
263980,1
296220,1
350640,1
734580,1
839930,1
351100,1
38700,1
104700,1
50300,1
200260,1
13140,1
107900,1
214420,1
209000,1
260750,1
260770,1
267490,1
273750,1
247770,1
258760,1
302060,1
299250,1
403980,1
299500,1
286690,1
6850,1
6900,1
203140,1
205930,1
247430,1
24010,1
324760,1
277950,1
342200,1
345890,1
345660,1
354290,1
359800,1
360150,1
355130,1
257400,1
352280,1
400250,1
313160,1
416670,1
422630,1
434110,1
435030,1
443580,1
449050,1
452710,1
502550,1
645630,1
3480,1
3483,1
246900,1
236850,1
263760,1
213670,1
337320,1
387990,1
388090,1
427730,1
471710,1
555160,1
604240,1
738060,1
799960,1
897450,1
1100260,1
203770,1
1206560,1
1216320,1
1343400,1
1557740,1
1485080,1
1922560,1
1294660,1
204100,1
235460,1
203730,1
301860,1
389270,1
403040,1
420740,1
448780,1
714210,1
805940,1
1044450,1
1140440,1
1184160,1
1198730,1
415660,1
324810,1
206500,1
261430,1
326460,1
345220,1
285920,1
382310,1
383120,1
298630,1
388060,1
410900,1
623990,1
454120,1
355790,1
585420,1
599140,1
609320,1
632360,1
601430,1
704270,1
708420,1
742420,1
861540,1
872670,1
905370,1
920210,1
1063420,1
1128000,1
322500,1
1364960,1
1504150,1
1570010,1
979690,1
1624540,1
1549970,1
1672970,1
1774580,1
1789480,1
1944240,1
1948280,1
1988550,1
2214080,1
2221490,1
1712840,1
2428770,1
2696480,1
331670,1
356520,1
505460,1
509980,1
113020,1
1005300,1
976730,1
1562430,1
239820,1
311690,1
331440,1
257510,1
598980,1
606150,1
629760,1
692890,1
751780,1
757320,1
799600,1
1147560,1
1210320,1
1229380,1
1229490,1
1282730,1
1321440,1
1343370,1
1382330,1
1388770,1
1454400,1
1468260,1
1476970,1
1488100,1
1533420,1
1621690,1
1384160,1
1687950,1
1734320,1
1446780,1
1785150,1
1869590,1
1902490,1
1939160,1
1942280,1
1927780,1
1973530,1
1284190,1
1999360,1
1313140,1
1971650,1
2171440,1
2212330,1
820520,1
206210,1
213650,1
766570,1
658570,1
787860,1
953580,1
619080,1
802240,1
21100,1
348820,1
393420,1
1048540,1
1248130,1
1817070,1
1817190,1
2000950,1
1089350,1
1225330,1
235340,1
2250040,1
17520,1
300040,1
436520,1
591740,1
1301210,1
391460,1
414530,1
771060,1
895670,1
918570,1
1436900,1
33600,1
233720,1
214770,1
250460,1
253410,1
258890,1
1308380,1
31290,1
218640,1
222980,1
226700,1
109400,1
255280,1
219830,1
209170,1
245490,1
221380,1
360380,1
289950,1
292730,1
393100,1
682990,1
686810,1
859570,1
915810,1
1101360,1
1137460,1
1149620,1
1239080,1
1330460,1
1426440,1
1142710,1
1570330,1
1599600,1
1766060,1
1766740,1
924970,1
1273400,1
1677280,1
4230,1
230650,1
265550,1
17570,1
282070,1
346120,1
356370,1
391780,1
417860,1
420880,1
446150,1
485610,1
496460,1
508440,1
514920,1
517630,1
592600,1
636480,1
649900,1
688420,1
624090,1
624120,1
594570,1
703060,1
736590,1
759530,1
950100,1
1030840,1
325610,1
1255630,1
1259970,1
1287260,1
1290260,1
1263850,1
1482620,1
1824220,1
8230,1
243870,1
296300,1
243470,1
349500,1
244930,1
323580,1
233130,1
255520,1
973760,1
308600,1
766370,1
1202900,1
1284410,1
351510,1
927350,1
380,1
420,1
65800,1
113420,1
39120,1
241640,1
216250,1
91310,1
238590,1
316390,1
383180,1
441870,1
524900,1
374040,1
653120,1
671510,1
677120,1
840720,1
963690,1
1056960,1
1077410,1
617290,1
1169040,1
678960,1
1239690,1
601150,1
261820,1
212480,1
282800,1
687850,1
1218740,1
17480,1
42680,1
2500,1
15370,1
22230,1
200710,1
211420,1
50650,1
220820,1
48220,1
226720,1
389300,1
415270,1
321960,1
257420,1
268420,1
315640,1
28000,1
372000,1
385760,1
519140,1
874240,1
1025600,1
1183940,1
707010,1
240320,1
250420,1
270370,1
291210,1
293260,1
293540,1
215080,1
317780,1
329790,1
349480,1
356130,1
362070,1
385770,1
386010,1
438140,1
478980,1
491950,1
562010,1
606140,1
630100,1
714070,1
368230,1
984110,1
992490,1
879160,1
1049590,1
1325860,1
1478220,1
1583720,1
1671200,1
1913730,1
1974050,1
2087030,1
2197910,1
249050,1
39500,1
950670,1
35720,1
38830,1
221430,1
251690,1
268910,1
290730,1
298260,1
238090,1
335300,1
356570,1
394310,1
434730,1
435530,1
539470,1
578310,1
447820,1
658850,1
706990,1
722960,1
379430,1
1002300,1
1220140,1
1227280,1
233860,1
218230,1
232910,1
361420,1
429180,1
518030,1
969680,1
220200,1
256370,1
294160,1
351490,1
400740,1
434420,1
507010,1
585690,1
589590,1
615610,1
636150,1
673750,1
1258080,1
1997040,1
6420,1
4700,1
205610,1
107400,1
273550,1
214730,1
225420,1
367540,1
287980,1
245620,1
400750,1
503450,1
557780,1
603850,1
690830,1
797400,1
7000,1
398710,1
755800,1
943380,1
1237950,1
2206560,1
466940,1
814480,1
1104390,1
1279610,1
1366290,1
489630,1
47890,1
234710,1
266840,1
304430,1
38400,1
38410,1
442120,1
459220,1
845070,1
673880,1
451130,1
34900,1
24780,1
265770,1
65790,1
233450,1
220260,1
244160,1
336510,1
362620,1
367450,1
402710,1
310380,1
505040,1
510050,1
606800,1
619150,1
767560,1
1062520,1
1138850,1
1359090,1
2098350,1
292120,1
315880,1
364360,1
503300,1
252850,1
8000,1
21000,1
217750,1
238010,1
509560,1
337000,1
521450,1
591960,1
622650,1
773330,1
96000,1
1105420,1
382850,1
2195250,1
2555320,1
341800,1
569800,1
1881700,1
1537830,1
457330,1
506500,1
2200,1
2350,1
3020,1
8140,1
41000,1
6120,1
46480,1
102840,1
252630,1
253230,1
277890,1
301980,1
272510,1
345820,1
348550,1
354140,1
222420,1
222440,1
222940,1
366260,1
388750,1
250180,1
312610,1
366250,1
408000,1
416590,1
339340,1
434050,1
437000,1
444940,1
460790,1
488860,1
502280,1
502800,1
506610,1
511680,1
541230,1
571720,1
586140,1
726360,1
731490,1
747660,1
748360,1
756530,1
571260,1
844850,1
887450,1
914690,1
922500,1
927890,1
985830,1
1004240,1
1010750,1
893180,1
794580,1
838380,1
981770,1
1111030,1
1117090,1
1133770,1
1144250,1
1146950,1
1154110,1
1159640,1
1168170,1
702890,1
1190110,1
1191630,1
1192610,1
1202690,1
1205960,1
1208260,1
1058450,1
1236400,1
1249780,1
1270930,1
1327080,1
1342260,1
1350650,1
1359650,1
1366810,1
1367300,1
1369630,1
1372280,1
1390740,1
1458390,1
1484720,1
1505620,1
1515230,1
1546860,1
1609160,1
1626640,1
1702830,1
1735420,1
1748620,1
1770460,1
1812070,1
1836860,1
1090630,1
1849000,1
1867280,1
1874720,1
1498570,1
1960920,1
1968840,1
1985610,1
2097880,1
2171840,1
2194810,1
2215260,1
2050650,1
1546990,1
1547000,1
2283460,1
2287650,1
1364780,1
482400,1
2298590,1
2458210,1
1490890,1
1020790,1
1971870,1
349720,1
582550,1
674400,1
1287290,1
236430,1
447940,1
484950,1
1486350,1
43160,1
338340,1
550470,1
558230,1
1041320,1
2466680,1
205950,1
329070,1
347720,1
410110,1
622220,1
746920,1
765410,1
785890,1
1092710,1
1092720,1
1101260,1
536990,1
1275350,1
1291340,1
2231380,1
2313250,1
394690,1
406150,1
407250,1
527440,1
541180,1
612880,1
665360,1
688500,1
721310,1
790790,1
1190340,1
1158940,1
596240,1
1170970,1
647830,1
50,1
416290,1
536040,1
743640,1
339000,1
715510,1
805870,1
850050,1
853210,1
1366800,1
1549180,1
383270,1
253490,1
1934780,1
212160,1
261030,1
482920,1
536220,1
623920,1
1360000,1
256290,1
394510,1
447530,1
644930,1
716710,1
776490,1
828070,1
570940,1
851100,1
583950,1
998930,1
1060670,1
1061090,1
1122050,1
1149660,1
1227890,1
1329410,1
1584090,1
1786790,1
1888160,1
881020,1
7520,1
215930,1
245550,1
254060,1
247120,1
252150,1
283880,1
287260,1
312840,1
313340,1
367520,1
397720,1
443810,1
448510,1
467090,1
467380,1
468800,1
475550,1
513450,1
577670,1
644570,1
648390,1
668630,1
699480,1
702810,1
15700,1
757300,1
319830,1
788770,1
816350,1
239200,1
513780,1
827900,1
439190,1
209080,1
608800,1
391720,1
63500,1
365450,1
769920,1
696370,1
939400,1
510840,1
638070,1
395170,1
994280,1
826600,1
285800,1
343710,1
266310,1
370910,1
780800,1
684680,1
384190,1
1483870,1
1969870,1
258700,1
329020,1
765710,1
794600,1
859580,1
24740,1
7510,1
11390,1
253900,1
258050,1
283660,1
285580,1
63380,1
238890,1
1252780,1
1668080,1
376210,1
476600,1
476620,1
907650,1
365720,1
389570,1
438680,1
3830,1
12150,1
11250,1
29800,1
22200,1
24980,1
33650,1
39800,1
70100,1
63800,1
38600,1
70110,1
72400,1
35130,1
91900,1
91600,1
63000,1
95500,1
91200,1
19680,1
107310,1
96100,1
33460,1
107100,1
111400,1
57690,1
43190,1
98100,1
98200,1
9200,1
110400,1
1510,1
57400,1
201570,1
33180,1
33130,1
48900,1
203810,1
2400,1
207170,1
202730,1
94300,1
202750,1
204180,1
110800,1
206440,1
200350,1
220860,1
217690,1
223730,1
209190,1
223510,1
224960,1
224980,1
225000,1
225320,1
227580,1
219200,1
207230,1
204240,1
227220,1
233510,1
233530,1
232950,1
224220,1
227480,1
234290,1
228300,1
233270,1
215690,1
237570,1
226740,1
243120,1
243280,1
204530,1
239450,1
244870,1
201420,1
234390,1
247020,1
231040,1
248390,1
248530,1
232430,1
250030,1
96300,1
251990,1
252670,1
253110,1
253290,1
253330,1
253650,1
241540,1
209160,1
257830,1
257890,1
257990,1
251170,1
258950,1
259600,1
259740,1
259780,1
217100,1
261530,1
261680,1
261700,1
105450,1
262830,1
264300,1
264460,1
265330,1
265380,1
266010,1
266210,1
266330,1
226840,1
267920,1
267980,1
269490,1
269790,1
271860,1
274900,1
275470,1
275490,1
276220,1
277510,1
277680,1
278640,1
279260,1
279800,1
280520,1
281940,1
282880,1
283390,1
284710,1
284770,1
284850,1
284870,1
284890,1
284950,1
285010,1
285130,1
286320,1
286340,1
286360,1
287120,1
287140,1
288880,1
289090,1
290080,1
291710,1
292380,1
292570,1
292620,1
292630,1
293180,1
293900,1
294140,1
294230,1
295690,1
295790,1
295930,1
296870,1
297020,1
35450,1
236830,1
299720,1
301150,1
301480,1
301750,1
302690,1
303390,1
95400,1
303790,1
306410,1
307050,1
307070,1
307130,1
307170,1
307230,1
300300,1
310070,1
311680,1
313020,1
289400,1
313650,1
314250,1
314450,1
314460,1
315060,1
248470,1
315920,1
265300,1
317250,1
318430,1
318480,1
318600,1
307340,1
307350,1
319180,1
319550,1
321260,1
321870,1
290530,1
252310,1
214490,1
324080,1
275080,1
277500,1
327090,1
327410,1
327860,1
328430,1
328780,1
329380,1
329690,1
329830,1
330350,1
268050,1
328600,1
331510,1
331610,1
289690,1
331790,1
332500,1
332790,1
219910,1
241910,1
255320,1
268540,1
334560,1
335430,1
335790,1
336380,1
338710,1
338980,1
339800,1
340070,1
340300,1
340310,1
341090,1
341160,1
341550,1
342580,1
343560,1
343780,1
344910,1
345280,1
346040,1
333950,1
347430,1
347510,1
347610,1
347560,1
349550,1
351470,1
352950,1
326180,1
326190,1
355430,1
355520,1
351640,1
357280,1
360590,1
360640,1
360650,1
361190,1
362090,1
248610,1
363490,1
363610,1
364270,1
364930,1
104200,1
341500,1
369040,1
369580,1
369640,1
370510,1
371000,1
371420,1
371710,1
372210,1
361800,1
373080,1
375460,1
375510,1
377290,1
379290,1
381170,1
382180,1
383330,1
383580,1
383720,1
385070,1
385080,1
385150,1
386590,1
352460,1
391340,1
391740,1
391420,1
395760,1
395930,1
275100,1
396790,1
397770,1
397500,1
399430,1
403900,1
404810,1
405610,1
406080,1
407290,1
411560,1
412940,1
416080,1
416310,1
416320,1
416610,1
418440,1
418950,1
423770,1
428630,1
433170,1
452060,1
462960,1
463210,1
31250,1
487120,1
487180,1
487220,1
492270,1
498330,1
500580,1
508170,1
519190,1
529180,1
536420,1
469820,1
546400,1
529760,1
555220,1
565720,1
567280,1
568570,1
575920,1
595440,1
603260,1
603750,1
503350,1
710780,1
715560,1
745740,1
776960,1
666140,1
806140,1
818730,1
828960,1
895400,1
933820,1
555440,1
752590,1
1161270,1
760620,1
1377380,1
1587560,1
1702010,1
13500,1
13530,1
33320,1
218470,1
399810,1
418030,1
11190,1
557340,1
975680,1
1081560,1
1238060,1
433950,1
1695840,1
21680,1
33340,1
200940,1
65300,1
209330,1
228320,1
208140,1
220740,1
220460,1
207040,1
388410,1
462780,1
219890,1
223810,1
264380,1
228260,1
233980,1
236090,1
243160,1
243950,1
218820,1
248310,1
249650,1
250320,1
250760,1
251130,1
251470,1
251870,1
252750,1
224860,1
247660,1
242050,1
258910,1
260230,1
261110,1
261570,1
258090,1
262390,1
263880,1
264690,1
267340,1
25890,1
239160,1
235210,1
282900,1
283640,1
284220,1
285980,1
286120,1
286260,1
286380,1
201810,1
294370,1
294810,1
294860,1
296490,1
300380,1
292140,1
305380,1
310360,1
311340,1
312720,1
313740,1
314830,1
255070,1
315810,1
316790,1
229810,1
322290,1
258520,1
400430,1
323320,1
258970,1
221540,1
312860,1
305050,1
289130,1
329440,1
329490,1
330830,1
214610,1
333220,1
234630,1
333600,1
333980,1
334300,1
339400,1
304650,1
242680,1
340770,1
341510,1
347620,1
347830,1
353270,1
354160,1
355050,1
350080,1
345180,1
359310,1
359870,1
236450,1
360740,1
362660,1
369990,1
351710,1
269670,1
373930,1
247080,1
380690,1
385800,1
290340,1
387290,1
387340,1
340170,1
292910,1
310490,1
404540,1
351970,1
412830,1
420270,1
368500,1
421060,1
422810,1
434650,1
264240,1
372360,1
449220,1
455400,1
485510,1
445310,1
512900,1
524580,1
460920,1
429660,1
614570,1
427290,1
714020,1
607890,1
626690,1
774511,1
632350,1
838350,1
840260,1
809890,1
934780,1
960690,1
738540,1
1057090,1
1097420,1
1097430,1
1162520,1
960170,1
1262240,1
1282940,1
1468810,1
1787090,1
115320,1
217980,1
241600,1
967130,1
588440,1
92,1
359320,1
1456200,1
297130,1
421670,1
438480,1
1280,1
17430,1
24870,1
564310,1
31270,1
39190,1
40300,1
262690,1
233290,1
447020,1
559460,1
2167580,1
242720,1
204060,1
252110,1
388880,1
396750,1
557600,1
590380,1
653530,1
683320,1
736220,1
751820,1
34270,1
492230,1
718670,1
895870,1
779340,1
1296830,1
1364020,1
680420,1
222730,1
224060,1
239350,1
249630,1
250050,1
252410,1
270850,1
293780,1
322190,1
330020,1
274270,1
382490,1
396710,1
405310,1
421040,1
435400,1
437570,1
365590,1
449680,1
448070,1
461950,1
462930,1
474750,1
269710,1
489220,1
490220,1
496300,1
498660,1
503820,1
524910,1
535760,1
536930,1
543260,1
547960,1
550010,1
571310,1
580200,1
583470,1
588690,1
351940,1
602070,1
606490,1
638110,1
652980,1
685400,1
701160,1
717640,1
760060,1
774361,1
488790,1
804210,1
684410,1
492150,1
843890,1
232050,1
916730,1
764790,1
1026820,1
1283410,1
1144770,1
816020,1
1016800,1
1080110,1
722560,1
1583320,1
1620690,1
253980,1
268870,1
278460,1
296910,1
299460,1
311860,1
265590,1
336040,1
349580,1
343100,1
384150,1
400240,1
433210,1
434610,1
554530,1
368420,1
735360,1
870420,1
1368950,1
11450,1
12810,1
24720,1
12710,1
73020,1
99100,1
49330,1
58550,1
47400,1
71340,1
203630,1
200370,1
203350,1
219780,1
202130,1
220660,1
238870,1
248410,1
236130,1
205990,1
318020,1
345200,1
346010,1
230190,1
397150,1
411300,1
418530,1
420930,1
427520,1
429050,1
491770,1
493370,1
533200,1
559650,1
711810,1
732690,1
1097800,1
307110,1
1389990,1
1462570,1
357310,1
407130,1
418240,1
461620,1
663390,1
774171,1
795630,1
858940,1
1007350,1
1048100,1
1300620,1
1597480,1
1675900,1
1832640,1
1856540,1
214510,1
3910,1
253940,1
259320,1
385270,1
468250,1
542340,1
574080,1
275390,1
1382070,1
965200,1
1017900,1
254300,1
293560,1
427460,1
529840,1
628670,1
649950,1
1056640,1
644830,1
1448440,1
1457080,1
1715130,1
2113430,1
2114740,1
246280,1
230820,1
237110,1
406870,1
421120,1
486310,1
703840,1
1458100,1
6840,1
23490,1
46410,1
70300,1
33950,1
71230,1
16450,1
24670,1
35480,1
65730,1
208600,1
209610,1
214360,1
211050,1
218060,1
12170,1
12180,1
57740,1
239070,1
225280,1
241240,1
253960,1
234000,1
257050,1
259530,1
237760,1
267600,1
267610,1
273770,1
273940,1
44320,1
274310,1
274560,1
277490,1
282100,1
285050,1
285090,1
285230,1
285840,1
287200,1
294040,1
301680,1
34830,1
8660,1
315070,1
315430,1
321150,1
321920,1
301970,1
325090,1
312960,1
328500,1
333120,1
215470,1
334070,1
335560,1
342240,1
358080,1
359050,1
364690,1
368990,1
371510,1
371570,1
381780,1
391070,1
404690,1
410210,1
410430,1
429470,1
432950,1
290790,1
438000,1
453090,1
454890,1
467390,1
485860,1
485950,1
488580,1
528300,1
605740,1
610130,1
618310,1
953880,1
1120320,1
1162930,1
1506760,1
1562420,1
1618540,1
2173900,1
17300,1
38420,1
667720,1
3260,1
47810,1
21130,1
9930,1
47920,1
97100,1
71390,1
65700,1
65720,1
107430,1
28050,1
9420,1
108700,1
207490,1
12750,1
97330,1
202170,1
216110,1
214250,1
212680,1
208500,1
203680,1
45770,1
8790,1
226980,1
220160,1
228760,1
223670,1
255220,1
256330,1
256390,1
269730,1
282350,1
228880,1
507490,1
365960,1
370240,1
391040,1
406350,1
438430,1
550320,1
572410,1
621830,1
626610,1
554510,1
695290,1
711750,1
775900,1
805550,1
845210,1
737800,1
928600,1
961440,1
984780,1
1016120,1
1018160,1
1082180,1
1097130,1
1134570,1
1161490,1
1186040,1
1213210,1
1259980,1
1304340,1
1066890,1
1447000,1
1451190,1
1462810,1
1610470,1
1466860,1
1692250,1
1849250,1
1924170,1
1953520,1
2108330,1
1650010,1
2440510,1
351290,1
227860,1
249130,1
354240,1
389170,1
399670,1
428690,1
436820,1
445980,1
450390,1
370770,1
302590,1
616110,1
679900,1
699180,1
667870,1
931690,1
992070,1
1017100,1
1147690,1
1243130,1
1391220,1
1574000,1
574760,1
1740070,1
1827980,1
1919460,1
1966900,1
2116850,1
252530,1
267550,1
234140,1
385730,1
444520,1
515040,1
510510,1
577800,1
675010,1
325210,1
2248760,1
7670,1
22000,1
70400,1
110630,1
35000,1
221020,1
218130,1
235400,1
286100,1
233230,1
230050,1
233470,1
224760,1
236730,1
206190,1
231160,1
244810,1
242940,1
248710,1
249990,1
252770,1
255480,1
260790,1
275200,1
313690,1
316480,1
320140,1
266510,1
8850,1
357300,1
365660,1
397550,1
400630,1
294000,1
210970,1
457550,1
425220,1
553640,1
597220,1
633130,1
686200,1
736260,1
753640,1
837470,1
829110,1
874260,1
972660,1
1286580,1
1607680,1
1931770,1
368260,1
32510,1
2668050,1
298610,1
2399830,1
215510,1
756880,1
787790,1
2305790,1
332310,1
348250,1
605230,1
757130,1
1250410,1
11360,1
203560,1
33670,1
42850,1
212800,1
236370,1
317470,1
682130,1
682290,1
700030,1
707680,1
746010,1
898590,1
525510,1
730430,1
739080,1
785740,1
882100,1
970960,1
1084160,1
538030,1
266430,1
293500,1
330760,1
345520,1
356310,1
356670,1
404580,1
451960,1
467990,1
209670,1
836940,1
1184140,1
1203710,1
1260320,1
1268750,1
441380,1
1361510,1
1515210,1
1515950,1
1570080,1
2155600,1
577940,1
235900,1
315600,1
496890,1
991710,1
329110,1
1465360,1
1469250,1
1661260,1
71240,1
99890,1
15560,1
214970,1
221260,1
221640,1
228400,1
233150,1
227160,1
244770,1
3900,1
253030,1
253630,1
243040,1
231140,1
245470,1
289760,1
290300,1
382110,1
397340,1
397460,1
404410,1
424250,1
441010,1
446800,1
478010,1
494840,1
595690,1
599750,1
620980,1
726760,1
744430,1
758930,1
784150,1
787810,1
805820,1
823500,1
844610,1
866310,1
1061880,1
1066780,1
1132670,1
1134710,1
546560,1
1211630,1
939510,1
1233410,1
1404090,1
1495860,1
1552350,1
1839880,1
1850960,1
1849900,1
1944790,1
949230,1
6100,1
6550,1
13560,1
17460,1
13580,1
23310,1
22120,1
29720,1
13570,1
45700,1
33220,1
25900,1
63910,1
18000,1
18020,1
48190,1
201280,1
39160,1
39200,1
204030,1
22320,1
209830,1
213030,1
208200,1
214830,1
219600,1
223220,1
50620,1
223870,1
39140,1
234080,1
251150,1
246580,1
39150,1
267530,1
237990,1
278080,1
282140,1
285160,1
290930,1
215530,1
330390,1
330840,1
304240,1
291650,1
345350,1
363440,1
368370,1
312790,1
413410,1
376300,1
460870,1
449800,1
465840,1
441830,1
495050,1
692850,1
775500,1
613830,1
637650,1
870780,1
985890,1
921570,1
1101190,1
601050,1
1133760,1
1121560,1
1229240,1
1113000,1
1328670,1
1349230,1
1113560,1
1257290,1
1502970,1
1502980,1
740130,1
1623940,1
1088850,1
1173770,1
1173810,1
1173820,1
1809700,1
1817230,1
1836450,1
1850510,1
1866420,1
1866430,1
1895880,1
1462040,1
1954200,1
2012840,1
1608070,1
1182900,1
2238900,1
1693980,1
1999770,1
2161700,1
225260,1
233190,1
265830,1
270150,1
331690,1
340520,1
344770,1
420110,1
423580,1
434460,1
435120,1
412170,1
438020,1
444480,1
448630,1
533820,1
563120,1
587790,1
591560,1
778840,1
368390,1
465520,1
468920,1
483980,1
489140,1
503560,1
505170,1
402570,1
532110,1
537110,1
537340,1
546080,1
550040,1
589120,1
601840,1
602520,1
604450,1
629000,1
656350,1
665180,1
680320,1
554620,1
705120,1
711990,1
712050,1
712840,1
720280,1
724970,1
736190,1
739000,1
744190,1
745890,1
761620,1
770990,1
788130,1
788910,1
464920,1
850000,1
904310,1
905690,1
933450,1
942970,1
977500,1
998940,1
1045720,1
1046030,1
791470,1
1145960,1
1147550,1
1225560,1
1225570,1
1240210,1
1291010,1
1368430,1
788100,1
1540150,1
1570070,1
2322560,1
381990,1
225600,1
1278060,1
1881200,1
1986760,1
2022330,1
1575870,1
2173600,1
2304990,1
660160,1
915130,1
1079160,1
224540,1
501300,1
681280,1
240720,1
757240,1
905340,1
470740,1
336760,1
977950,1
1644960,1
1137970,1
1778820,1
1670,1
15120,1
424030,1
589290,1
871530,1
979920,1
1206240,1
232770,1
1611600,1
1911390,1
16900,1
2306590,1
2131630,1
2131640,1
2131650,1
606280,1
606880,1
611360,1
710920,1
928960,1
955050,1
1178830,1
1008710,1
794260,1
1110910,1
1207780,1
1282690,1
1343240,1
1429150,1
1766100,1
1276790,1
1283400,1
2239550,1
13250,1
13240,1
1930,1
21660,1
39690,1
78000,1
55140,1
40380,1
92000,1
46500,1
91700,1
47790,1
47830,1
91100,1
45410,1
204340,1
102500,1
58230,1
92600,1
98400,1
212030,1
215790,1
214870,1
204960,1
105000,1
233630,1
234330,1
250600,1
203250,1
208730,1
232750,1
238170,1
242110,1
225640,1
246960,1
249680,1
245280,1
252890,1
253470,1
208610,1
227600,1
243800,1
231330,1
256350,1
257790,1
259550,1
260250,1
247830,1
263620,1
263680,1
228940,1
272060,1
275830,1
277110,1
277270,1
282530,1
284730,1
284790,1
243930,1
214320,1
299860,1
304350,1
306480,1
239250,1
307770,1
307900,1
307920,1
307990,1
311850,1
313240,1
313810,1
258160,1
249230,1
320670,1
242640,1
272470,1
331120,1
336610,1
339160,1
2420,1
2430,1
346560,1
347590,1
357480,1
369400,1
365160,1
388450,1
389140,1
392950,1
396800,1
407840,1
411960,1
412530,1
414660,1
418670,1
425210,1
428110,1
436110,1
439800,1
443860,1
451350,1
431180,1
463060,1
475150,1
345390,1
491330,1
497400,1
500150,1
500590,1
503050,1
509420,1
311730,1
540360,1
545590,1
545960,1
564530,1
567800,1
604980,1
619930,1
629810,1
630390,1
630470,1
632820,1
632830,1
636020,1
636030,1
636050,1
236150,1
652570,1
654520,1
655610,1
656890,1
659940,1
659950,1
685370,1
689740,1
587860,1
767420,1
778340,1
806830,1
3390,1
3320,1
3430,1
3620,1
263300,1
263720,1
283680,1
306350,1
65980,1
335820,1
237890,1
415480,1
438270,1
461510,1
616720,1
672590,1
751440,1
774801,1
785640,1
803050,1
854570,1
939600,1
945710,1
1008080,1
1079260,1
1097580,1
1009290,1
1282210,1
1284820,1
1307550,1
1368910,1
1403370,1
1581800,1
2348100,1
237850,1
48160,1
212370,1
341770,1
17500,1
6910,1
2280,1
2300,1
244730,1
315440,1
319170,1
287920,1
345240,1
428950,1
438180,1
488440,1
402560,1
593620,1
599390,1
624910,1
792220,1
842420,1
834530,1
987350,1
1104640,1
594770,1
1469280,1
1092630,1
57200,1
385370,1
427270,1
615050,1
645260,1
455020,1
758980,1
227240,1
242590,1
251670,1
319570,1
336670,1
338180,1
342480,1
360760,1
393410,1
415860,1
264120,1
214850,1
513560,1
643270,1
646270,1
673560,1
473690,1
763410,1
915320,1
345330,1
13600,1
259020,1
257850,1
247580,1
261760,1
39210,1
264360,1
295550,1
269910,1
322770,1
359900,1
320590,1
366440,1
378610,1
404590,1
408520,1
424370,1
428900,1
440630,1
446750,1
446770,1
348460,1
394230,1
488760,1
489380,1
496240,1
497820,1
500360,1
503770,1
504420,1
506900,1
510930,1
512220,1
527100,1
527430,1
529670,1
536270,1
544510,1
544590,1
552080,1
553420,1
565030,1
575600,1
584170,1
600140,1
635200,1
515220,1
652190,1
493840,1
891360,1
714080,1
939100,1
992640,1
1007040,1
1042800,1
1061910,1
1084600,1
1114220,1
851850,1
428660,1
1157390,1
1171690,1
1089090,1
1307660,1
1450180,1
1493640,1
1531430,1
1571440,1
597820,1
1592290,1
1641960,1
1648610,1
1649240,1
1715730,1
1726730,1
377300,1
1813170,1
1680880,1
1475810,1
1892370,1
1928980,1
1929610,1
1916310,1
1029690,1
1544020,1
1065310,1
1938010,1
2141730,1
2009100,1
2201710,1
2239150,1
2242760,1
1282100,1
1501750,1
315210,1
1458140,1
578650,1
617830,1
753420,1
774181,1
742120,1
585710,1
1149460,1
1404850,1
2289970,1
1272080,1
2600,1
371660,1
523660,1
699130,1
750050,1
1919590,1
41300,1
1548850,1
1850570,1
15000,1
212580,1
262810,1
269170,1
277390,1
286000,1
299480,1
317410,1
690040,1
337480,1
351920,1
353360,1
347290,1
385710,1
390720,1
392190,1
400910,1
404820,1
407560,1
411830,1
413420,1
415740,1
416680,1
418340,1
418650,1
423230,1
426000,1
428200,1
428370,1
354380,1
359600,1
443630,1
450540,1
451840,1
451980,1
456670,1
457210,1
375600,1
468110,1
453170,1
469990,1
480490,1
486780,1
490820,1
492710,1
495990,1
503340,1
518580,1
519930,1
521340,1
523080,1
523710,1
524640,1
526090,1
533540,1
535520,1
555950,1
567290,1
568220,1
575050,1
580040,1
581630,1
588040,1
595140,1
610960,1
627690,1
635730,1
639780,1
639790,1
520440,1
671620,1
567640,1
743450,1
767930,1
770460,1
775940,1
791330,1
816080,1
840140,1
859680,1
886200,1
887530,1
892760,1
919370,1
927250,1
932850,1
937170,1
951000,1
959880,1
959890,1
965670,1
986020,1
992300,1
994220,1
1003520,1
1004770,1
1015720,1
1015730,1
1015770,1
1017410,1
1042600,1
1046480,1
1049320,1
1049890,1
1056490,1
1058060,1
1070020,1
1077440,1
1078320,1
1078330,1
1078350,1
1083210,1
1094520,1
1111460,1
1135830,1
1141100,1
1144400,1
1146630,1
1147450,1
1160220,1
1163070,1
1173200,1
1186400,1
1187130,1
1188930,1
1198850,1
1202540,1
1203420,1
1216710,1
1217570,1
1250760,1
1256670,1
1260810,1
1267470,1
1269810,1
1271740,1
1277930,1
1278390,1
1279260,1
1287140,1
1290490,1
1306630,1
1310990,1
1328530,1
1328890,1
1328900,1
1328910,1
1328920,1
1335790,1
1342040,1
1342080,1
1342090,1
1342120,1
1346770,1
1368030,1
1378040,1
1388880,1
1392820,1
1405470,1
1406990,1
1410980,1
1413960,1
1413970,1
1413980,1
1414000,1
1419750,1
1429500,1
1451940,1
1139900,1
1462650,1
1477070,1
1506280,1
1508680,1
1518430,1
1546570,1
1546710,1
1551510,1
1551520,1
1551540,1
1551560,1
1551570,1
1551670,1
1556980,1
1566390,1
1585540,1
1602010,1
1605010,1
1608290,1
1158850,1
1648590,1
1666510,1
1668690,1
1668940,1
1669980,1
1672670,1
1689910,1
1701520,1
1724320,1
1731200,1
1748660,1
1770390,1
1770400,1
1772830,1
1783360,1
1803960,1
1812620,1
1816670,1
1829980,1
1848710,1
1902690,1
1932160,1
1933650,1
1933660,1
1956600,1
1964200,1
1981500,1
1983970,1
1997680,1
2050590,1
2052410,1
2078780,1
2081400,1
2099790,1
2109460,1
2123140,1
2141910,1
2166140,1
2183230,1
2185760,1
2190290,1
2194530,1
2215650,1
2219800,1
2219820,1
2230650,1
2273430,1
2279310,1
2287970,1
2292060,1
2303800,1
2303810,1
2321210,1
2377420,1
2379780,1
2400340,1
2582660,1
2072450,1
2622000,1
2687990,1
2157560,1
2734310,1
429790,1
342150,1
621880,1
32360,1
1267540,1
1271700,1
1900,1
710030,1
1184990,1
1335200,1
2569170,1
536950,1
1338770,1
2111170,1
271640,1
291410,1
858460,1
495910,1
528230,1
648430,1
743090,1
768520,1
839910,1
953490,1
961200,1
1097840,1
1102190,1
1249200,1
1341230,1
1399780,1
1904230,1
1940340,1
1106750,1
215830,1
985810,1
835570,1
474220,1
638490,1
530070,1
562260,1
1190000,1
1314140,1
1364210,1
1422130,1
1803190,1
19830,1
19840,1
35420,1
22490,1
9050,1
271500,1
32610,1
32620,1
32630,1
32640,1
32650,1
32660,1
32680,1
32710,1
32720,1
32730,1
32740,1
32750,1
32760,1
32770,1
1202950,1
394760,1
539720,1
562360,1
513000,1
521890,1
552100,1
825310,1
963930,1
1009850,1
1011670,1
1012790,1
1053680,1
1070580,1
916840,1
368180,1
432870,1
1533390,1
1591520,1
3920,1
22300,1
250380,1
250620,1
264200,1
236510,1
296710,1
302180,1
311770,1
326950,1
359390,1
296830,1
385830,1
431540,1
436500,1
641320,1
686190,1
739980,1
873190,1
973060,1
1088790,1
1115690,1
973580,1
1357870,1
1576060,1
1807080,1
1243960,1
875210,1
1307890,1
1437830,1
1437840,1
1437850,1
1437880,1
281920,1
351150,1
380020,1
572430,1
1160750,1
1216200,1
15710,1
322850,1
314660,1
760640,1
2497920,1
364110,1
665490,1
835860,1
1127500,1
4850,1
207730,1
218740,1
333420,1
953900,1
427100,1
1062160,1
1132190,1
1262560,1
1396240,1
1554790,1
1566060,1
1664360,1
1781160,1
48800,1
252550,1
997010,1
1184250,1
1455630,1
317400,1
3700,1
39000,1
459820,1
221680,1
573090,1
600480,1
826480,1
886250,1
1024800,1
1129540,1
1150080,1
1173400,1
1377430,1
1528560,1
1749630,1
1900020,1
1372110,1
20570,1
33100,1
33120,1
207690,1
227000,1
221810,1
269390,1
217920,1
248550,1
250580,1
254000,1
254080,1
1283190,1
262280,1
263080,1
232790,1
279640,1
279720,1
281750,1
283230,1
284930,1
214550,1
289800,1
294020,1
300620,1
243200,1
301300,1
306830,1
307950,1
311060,1
312710,1
313830,1
314410,1
319760,1
319970,1
322210,1
322970,1
323720,1
326120,1
326360,1
331480,1
331870,1
333740,1
334690,1
339470,1
340270,1
340830,1
341060,1
341820,1
344300,1
346630,1
346950,1
347520,1
351030,1
353550,1
353700,1
350810,1
351860,1
354860,1
355920,1
355970,1
356790,1
360970,1
362680,1
363930,1
364910,1
366320,1
367670,1
371450,1
371670,1
372490,1
376920,1
377280,1
377600,1
377760,1
378100,1
379530,1
382080,1
382120,1
383950,1
388210,1
393530,1
394540,1
394680,1
394870,1
244710,1
396360,1
396850,1
398680,1
401190,1
402840,1
402980,1
403860,1
404700,1
406090,1
407300,1
409160,1
414920,1
416110,1
419500,1
420850,1
420970,1
421810,1
422250,1
429490,1
432990,1
865040,1
434250,1
434820,1
435440,1
437160,1
438080,1
439250,1
439910,1
444220,1
444280,1
444490,1
446270,1
446640,1
447850,1
447890,1
435600,1
449210,1
450190,1
457710,1
458710,1
460060,1
460340,1
460960,1
461730,1
461840,1
461910,1
463220,1
463350,1
466730,1
467370,1
468490,1
473520,1
476240,1
476480,1
484830,1
485310,1
485350,1
485440,1
485450,1
485730,1
489570,1
491000,1
491040,1
491260,1
491650,1
493200,1
494230,1
494430,1
496650,1
497700,1
417910,1
499340,1
486480,1
502240,1
502880,1
504130,1
504490,1
505210,1
508180,1
508540,1
508820,1
509220,1
510070,1
510660,1
513210,1
514660,1
514900,1
515470,1
517370,1
518800,1
521920,1
20500,1
55110,1
522570,1
523150,1
525150,1
526740,1
526790,1
527760,1
527770,1
375230,1
527990,1
528660,1
528740,1
531640,1
531890,1
532840,1
534010,1
534550,1
538070,1
541370,1
541570,1
542400,1
545580,1
545820,1
546200,1
546220,1
550420,1
552130,1
552390,1
555210,1
555710,1
556130,1
556160,1
556280,1
557180,1
562270,1
562500,1
564210,1
501590,1
567160,1
568440,1
569610,1
569970,1
573210,1
574030,1
574310,1
574640,1
575490,1
575700,1
575720,1
575900,1
575950,1
576130,1
576440,1
576470,1
577460,1
463150,1
583490,1
583760,1
584100,1
585830,1
586060,1
586380,1
586960,1
586970,1
587810,1
589360,1
589770,1
596870,1
597230,1
602890,1
602910,1
603030,1
603150,1
603190,1
511800,1
607680,1
610080,1
610660,1
614910,1
618140,1
619400,1
623580,1
628750,1
629030,1
634230,1
644760,1
654990,1
675260,1
411480,1
683830,1
747350,1
692920,1
696590,1
635320,1
711660,1
719640,1
308040,1
450860,1
777130,1
784950,1
790600,1
793350,1
810670,1
